{
    "CH3OH": {
        "epsilon": 307.69, 
        "l_a": 6.0, 
        "l_r": 19.235, 
        "sigma": 3.2462e-1, 
        "Sk": 0.83517, 
        "Vks": 2,
        "mass": 0.0310337,
        "Nk-H": 1,
        "Nk-e1": 2,
        "K-H-e1": 106.57e-3,
        "epsilonHB-H-e1": 2062.1
    } 
}
